[{"games":[{"x":2005,"y":1},{"x":2006,"y":21},{"x":2007,"y":82},{"x":2008,"y":71},{"x":2009,"y":144},{"x":2010,"y":218},{"x":2011,"y":309},{"x":2012,"y":644},{"x":2013,"y":670},{"x":2014,"y":1370},{"x":2015,"y":720}],"total":4250,"genre":"Action"},{"games":[{"x":2005,"y":3},{"x":2006,"y":13},{"x":2007,"y":7},{"x":2008,"y":22},{"x":2009,"y":69},{"x":2010,"y":94},{"x":2011,"y":217},{"x":2012,"y":403},{"x":2013,"y":443},{"x":2014,"y":1630},{"x":2015,"y":915}],"total":3816,"genre":"Indie"},{"games":[{"x":2005,"y":2},{"x":2006,"y":22},{"x":2007,"y":27},{"x":2008,"y":38},{"x":2009,"y":91},{"x":2010,"y":103},{"x":2011,"y":199},{"x":2012,"y":354},{"x":2013,"y":403},{"x":2014,"y":787},{"x":2015,"y":423}],"total":2449,"genre":"Strategy"},{"games":[{"x":2005,"y":0},{"x":2006,"y":1},{"x":2007,"y":14},{"x":2008,"y":26},{"x":2009,"y":64},{"x":2010,"y":79},{"x":2011,"y":91},{"x":2012,"y":207},{"x":2013,"y":304},{"x":2014,"y":917},{"x":2015,"y":528}],"total":2231,"genre":"Adventure"},{"games":[{"x":2005,"y":0},{"x":2006,"y":1},{"x":2007,"y":0},{"x":2008,"y":16},{"x":2009,"y":56},{"x":2010,"y":58},{"x":2011,"y":82},{"x":2012,"y":289},{"x":2013,"y":366},{"x":2014,"y":906},{"x":2015,"y":452}],"total":2226,"genre":"Simulation"},{"games":[{"x":2005,"y":0},{"x":2006,"y":6},{"x":2007,"y":10},{"x":2008,"y":17},{"x":2009,"y":50},{"x":2010,"y":70},{"x":2011,"y":79},{"x":2012,"y":228},{"x":2013,"y":249},{"x":2014,"y":880},{"x":2015,"y":412}],"total":2001,"genre":"Casual"},{"games":[{"x":2005,"y":3},{"x":2006,"y":5},{"x":2007,"y":15},{"x":2008,"y":42},{"x":2009,"y":57},{"x":2010,"y":54},{"x":2011,"y":115},{"x":2012,"y":178},{"x":2013,"y":240},{"x":2014,"y":751},{"x":2015,"y":371}],"total":1831,"genre":"RPG"},{"games":[{"x":2005,"y":0},{"x":2006,"y":0},{"x":2007,"y":1},{"x":2008,"y":2},{"x":2009,"y":2},{"x":2010,"y":1},{"x":2011,"y":29},{"x":2012,"y":64},{"x":2013,"y":110},{"x":2014,"y":327},{"x":2015,"y":183}],"total":719,"genre":"Free to Play"},{"games":[{"x":2005,"y":0},{"x":2006,"y":0},{"x":2007,"y":0},{"x":2008,"y":0},{"x":2009,"y":0},{"x":2010,"y":0},{"x":2011,"y":0},{"x":2012,"y":1},{"x":2013,"y":38},{"x":2014,"y":206},{"x":2015,"y":162}],"total":407,"genre":"Early Access"},{"games":[{"x":2005,"y":0},{"x":2006,"y":0},{"x":2007,"y":0},{"x":2008,"y":3},{"x":2009,"y":13},{"x":2010,"y":5},{"x":2011,"y":23},{"x":2012,"y":33},{"x":2013,"y":61},{"x":2014,"y":198},{"x":2015,"y":67}],"total":403,"genre":"Massively Multiplayer"},{"games":[{"x":2005,"y":0},{"x":2006,"y":5},{"x":2007,"y":4},{"x":2008,"y":15},{"x":2009,"y":9},{"x":2010,"y":10},{"x":2011,"y":31},{"x":2012,"y":50},{"x":2013,"y":52},{"x":2014,"y":119},{"x":2015,"y":64}],"total":359,"genre":"Racing"},{"games":[{"x":2005,"y":0},{"x":2006,"y":0},{"x":2007,"y":0},{"x":2008,"y":6},{"x":2009,"y":6},{"x":2010,"y":4},{"x":2011,"y":13},{"x":2012,"y":21},{"x":2013,"y":45},{"x":2014,"y":118},{"x":2015,"y":62}],"total":275,"genre":"Sports"},{"games":[{"x":2005,"y":0},{"x":2006,"y":0},{"x":2007,"y":0},{"x":2008,"y":0},{"x":2009,"y":0},{"x":2010,"y":0},{"x":2011,"y":0},{"x":2012,"y":6},{"x":2013,"y":9},{"x":2014,"y":16},{"x":2015,"y":7}],"total":38,"genre":"Education"},{"games":[{"x":2005,"y":1},{"x":2006,"y":21},{"x":2007,"y":82},{"x":2008,"y":71},{"x":2009,"y":144},{"x":2010,"y":218},{"x":2011,"y":309},{"x":2012,"y":644},{"x":2013,"y":670},{"x":2014,"y":1370},{"x":2015,"y":720}],"total":4250,"genre":"Action"},{"games":[{"x":2005,"y":3},{"x":2006,"y":13},{"x":2007,"y":7},{"x":2008,"y":22},{"x":2009,"y":69},{"x":2010,"y":94},{"x":2011,"y":217},{"x":2012,"y":403},{"x":2013,"y":443},{"x":2014,"y":1630},{"x":2015,"y":915}],"total":3816,"genre":"Indie"},{"games":[{"x":2005,"y":2},{"x":2006,"y":22},{"x":2007,"y":27},{"x":2008,"y":38},{"x":2009,"y":91},{"x":2010,"y":103},{"x":2011,"y":199},{"x":2012,"y":354},{"x":2013,"y":403},{"x":2014,"y":787},{"x":2015,"y":423}],"total":2449,"genre":"Strategy"},{"games":[{"x":2005,"y":0},{"x":2006,"y":1},{"x":2007,"y":14},{"x":2008,"y":26},{"x":2009,"y":64},{"x":2010,"y":79},{"x":2011,"y":91},{"x":2012,"y":207},{"x":2013,"y":304},{"x":2014,"y":917},{"x":2015,"y":528}],"total":2231,"genre":"Adventure"},{"games":[{"x":2005,"y":0},{"x":2006,"y":1},{"x":2007,"y":0},{"x":2008,"y":16},{"x":2009,"y":56},{"x":2010,"y":58},{"x":2011,"y":82},{"x":2012,"y":289},{"x":2013,"y":366},{"x":2014,"y":906},{"x":2015,"y":452}],"total":2226,"genre":"Simulation"},{"games":[{"x":2005,"y":0},{"x":2006,"y":6},{"x":2007,"y":10},{"x":2008,"y":17},{"x":2009,"y":50},{"x":2010,"y":70},{"x":2011,"y":79},{"x":2012,"y":228},{"x":2013,"y":249},{"x":2014,"y":880},{"x":2015,"y":412}],"total":2001,"genre":"Casual"},{"games":[{"x":2005,"y":3},{"x":2006,"y":5},{"x":2007,"y":15},{"x":2008,"y":42},{"x":2009,"y":57},{"x":2010,"y":54},{"x":2011,"y":115},{"x":2012,"y":178},{"x":2013,"y":240},{"x":2014,"y":751},{"x":2015,"y":371}],"total":1831,"genre":"RPG"},{"games":[{"x":2005,"y":0},{"x":2006,"y":0},{"x":2007,"y":1},{"x":2008,"y":2},{"x":2009,"y":2},{"x":2010,"y":1},{"x":2011,"y":29},{"x":2012,"y":64},{"x":2013,"y":110},{"x":2014,"y":327},{"x":2015,"y":183}],"total":719,"genre":"Free to Play"},{"games":[{"x":2005,"y":0},{"x":2006,"y":0},{"x":2007,"y":0},{"x":2008,"y":0},{"x":2009,"y":0},{"x":2010,"y":0},{"x":2011,"y":0},{"x":2012,"y":1},{"x":2013,"y":38},{"x":2014,"y":206},{"x":2015,"y":162}],"total":407,"genre":"Early Access"},{"games":[{"x":2005,"y":0},{"x":2006,"y":0},{"x":2007,"y":0},{"x":2008,"y":3},{"x":2009,"y":13},{"x":2010,"y":5},{"x":2011,"y":23},{"x":2012,"y":33},{"x":2013,"y":61},{"x":2014,"y":198},{"x":2015,"y":67}],"total":403,"genre":"Massively Multiplayer"},{"games":[{"x":2005,"y":0},{"x":2006,"y":5},{"x":2007,"y":4},{"x":2008,"y":15},{"x":2009,"y":9},{"x":2010,"y":10},{"x":2011,"y":31},{"x":2012,"y":50},{"x":2013,"y":52},{"x":2014,"y":119},{"x":2015,"y":64}],"total":359,"genre":"Racing"},{"games":[{"x":2005,"y":0},{"x":2006,"y":0},{"x":2007,"y":0},{"x":2008,"y":6},{"x":2009,"y":6},{"x":2010,"y":4},{"x":2011,"y":13},{"x":2012,"y":21},{"x":2013,"y":45},{"x":2014,"y":118},{"x":2015,"y":62}],"total":275,"genre":"Sports"},{"games":[{"x":2005,"y":0},{"x":2006,"y":0},{"x":2007,"y":0},{"x":2008,"y":0},{"x":2009,"y":0},{"x":2010,"y":0},{"x":2011,"y":0},{"x":2012,"y":6},{"x":2013,"y":9},{"x":2014,"y":16},{"x":2015,"y":7}],"total":38,"genre":"Education"}]