[{"games":[{"x":2005,"q":1,"y":0},{"x":2005,"q":2,"y":0},{"x":2005,"q":3,"y":0},{"x":2005,"q":4,"y":1},{"x":2006,"q":1,"y":1},{"x":2006,"q":2,"y":8},{"x":2006,"q":3,"y":4},{"x":2006,"q":4,"y":8},{"x":2007,"q":1,"y":23},{"x":2007,"q":2,"y":11},{"x":2007,"q":3,"y":33},{"x":2007,"q":4,"y":15},{"x":2008,"q":1,"y":17},{"x":2008,"q":2,"y":6},{"x":2008,"q":3,"y":16},{"x":2008,"q":4,"y":32},{"x":2009,"q":1,"y":24},{"x":2009,"q":2,"y":41},{"x":2009,"q":3,"y":41},{"x":2009,"q":4,"y":38},{"x":2010,"q":1,"y":33},{"x":2010,"q":2,"y":48},{"x":2010,"q":3,"y":80},{"x":2010,"q":4,"y":57},{"x":2011,"q":1,"y":41},{"x":2011,"q":2,"y":57},{"x":2011,"q":3,"y":94},{"x":2011,"q":4,"y":117},{"x":2012,"q":1,"y":96},{"x":2012,"q":2,"y":100},{"x":2012,"q":3,"y":242},{"x":2012,"q":4,"y":206},{"x":2013,"q":1,"y":146},{"x":2013,"q":2,"y":133},{"x":2013,"q":3,"y":167},{"x":2013,"q":4,"y":224},{"x":2014,"q":1,"y":240},{"x":2014,"q":2,"y":358},{"x":2014,"q":3,"y":364},{"x":2014,"q":4,"y":408},{"x":2015,"q":1,"y":497},{"x":2015,"q":2,"y":220},{"x":2015,"q":3,"y":3},{"x":2015,"q":4,"y":0}],"total":4250,"genre":"Action"},{"games":[{"x":2005,"q":1,"y":0},{"x":2005,"q":2,"y":1},{"x":2005,"q":3,"y":1},{"x":2005,"q":4,"y":1},{"x":2006,"q":1,"y":1},{"x":2006,"q":2,"y":0},{"x":2006,"q":3,"y":4},{"x":2006,"q":4,"y":8},{"x":2007,"q":1,"y":2},{"x":2007,"q":2,"y":4},{"x":2007,"q":3,"y":1},{"x":2007,"q":4,"y":0},{"x":2008,"q":1,"y":2},{"x":2008,"q":2,"y":4},{"x":2008,"q":3,"y":3},{"x":2008,"q":4,"y":13},{"x":2009,"q":1,"y":23},{"x":2009,"q":2,"y":15},{"x":2009,"q":3,"y":11},{"x":2009,"q":4,"y":20},{"x":2010,"q":1,"y":13},{"x":2010,"q":2,"y":13},{"x":2010,"q":3,"y":22},{"x":2010,"q":4,"y":46},{"x":2011,"q":1,"y":22},{"x":2011,"q":2,"y":35},{"x":2011,"q":3,"y":87},{"x":2011,"q":4,"y":73},{"x":2012,"q":1,"y":83},{"x":2012,"q":2,"y":96},{"x":2012,"q":3,"y":98},{"x":2012,"q":4,"y":126},{"x":2013,"q":1,"y":64},{"x":2013,"q":2,"y":90},{"x":2013,"q":3,"y":95},{"x":2013,"q":4,"y":194},{"x":2014,"q":1,"y":248},{"x":2014,"q":2,"y":422},{"x":2014,"q":3,"y":454},{"x":2014,"q":4,"y":506},{"x":2015,"q":1,"y":615},{"x":2015,"q":2,"y":298},{"x":2015,"q":3,"y":2},{"x":2015,"q":4,"y":0}],"total":3816,"genre":"Indie"},{"games":[{"x":2005,"q":1,"y":0},{"x":2005,"q":2,"y":1},{"x":2005,"q":3,"y":1},{"x":2005,"q":4,"y":0},{"x":2006,"q":1,"y":3},{"x":2006,"q":2,"y":1},{"x":2006,"q":3,"y":8},{"x":2006,"q":4,"y":10},{"x":2007,"q":1,"y":2},{"x":2007,"q":2,"y":7},{"x":2007,"q":3,"y":16},{"x":2007,"q":4,"y":2},{"x":2008,"q":1,"y":3},{"x":2008,"q":2,"y":3},{"x":2008,"q":3,"y":11},{"x":2008,"q":4,"y":21},{"x":2009,"q":1,"y":21},{"x":2009,"q":2,"y":21},{"x":2009,"q":3,"y":23},{"x":2009,"q":4,"y":26},{"x":2010,"q":1,"y":18},{"x":2010,"q":2,"y":21},{"x":2010,"q":3,"y":31},{"x":2010,"q":4,"y":33},{"x":2011,"q":1,"y":38},{"x":2011,"q":2,"y":49},{"x":2011,"q":3,"y":59},{"x":2011,"q":4,"y":53},{"x":2012,"q":1,"y":50},{"x":2012,"q":2,"y":82},{"x":2012,"q":3,"y":99},{"x":2012,"q":4,"y":123},{"x":2013,"q":1,"y":53},{"x":2013,"q":2,"y":118},{"x":2013,"q":3,"y":106},{"x":2013,"q":4,"y":126},{"x":2014,"q":1,"y":128},{"x":2014,"q":2,"y":200},{"x":2014,"q":3,"y":217},{"x":2014,"q":4,"y":242},{"x":2015,"q":1,"y":288},{"x":2015,"q":2,"y":132},{"x":2015,"q":3,"y":2},{"x":2015,"q":4,"y":1}],"total":2449,"genre":"Strategy"},{"games":[{"x":2005,"q":1,"y":0},{"x":2005,"q":2,"y":0},{"x":2005,"q":3,"y":0},{"x":2005,"q":4,"y":0},{"x":2006,"q":1,"y":0},{"x":2006,"q":2,"y":0},{"x":2006,"q":3,"y":0},{"x":2006,"q":4,"y":1},{"x":2007,"q":1,"y":4},{"x":2007,"q":2,"y":9},{"x":2007,"q":3,"y":1},{"x":2007,"q":4,"y":0},{"x":2008,"q":1,"y":2},{"x":2008,"q":2,"y":7},{"x":2008,"q":3,"y":4},{"x":2008,"q":4,"y":13},{"x":2009,"q":1,"y":10},{"x":2009,"q":2,"y":7},{"x":2009,"q":3,"y":32},{"x":2009,"q":4,"y":15},{"x":2010,"q":1,"y":11},{"x":2010,"q":2,"y":23},{"x":2010,"q":3,"y":20},{"x":2010,"q":4,"y":25},{"x":2011,"q":1,"y":16},{"x":2011,"q":2,"y":24},{"x":2011,"q":3,"y":25},{"x":2011,"q":4,"y":26},{"x":2012,"q":1,"y":35},{"x":2012,"q":2,"y":39},{"x":2012,"q":3,"y":51},{"x":2012,"q":4,"y":82},{"x":2013,"q":1,"y":56},{"x":2013,"q":2,"y":56},{"x":2013,"q":3,"y":63},{"x":2013,"q":4,"y":129},{"x":2014,"q":1,"y":132},{"x":2014,"q":2,"y":257},{"x":2014,"q":3,"y":233},{"x":2014,"q":4,"y":295},{"x":2015,"q":1,"y":384},{"x":2015,"q":2,"y":141},{"x":2015,"q":3,"y":2},{"x":2015,"q":4,"y":1}],"total":2231,"genre":"Adventure"},{"games":[{"x":2005,"q":1,"y":0},{"x":2005,"q":2,"y":0},{"x":2005,"q":3,"y":0},{"x":2005,"q":4,"y":0},{"x":2006,"q":1,"y":0},{"x":2006,"q":2,"y":0},{"x":2006,"q":3,"y":0},{"x":2006,"q":4,"y":1},{"x":2007,"q":1,"y":0},{"x":2007,"q":2,"y":0},{"x":2007,"q":3,"y":0},{"x":2007,"q":4,"y":0},{"x":2008,"q":1,"y":2},{"x":2008,"q":2,"y":2},{"x":2008,"q":3,"y":3},{"x":2008,"q":4,"y":9},{"x":2009,"q":1,"y":17},{"x":2009,"q":2,"y":12},{"x":2009,"q":3,"y":14},{"x":2009,"q":4,"y":13},{"x":2010,"q":1,"y":4},{"x":2010,"q":2,"y":14},{"x":2010,"q":3,"y":21},{"x":2010,"q":4,"y":19},{"x":2011,"q":1,"y":20},{"x":2011,"q":2,"y":14},{"x":2011,"q":3,"y":24},{"x":2011,"q":4,"y":24},{"x":2012,"q":1,"y":33},{"x":2012,"q":2,"y":39},{"x":2012,"q":3,"y":53},{"x":2012,"q":4,"y":164},{"x":2013,"q":1,"y":79},{"x":2013,"q":2,"y":66},{"x":2013,"q":3,"y":64},{"x":2013,"q":4,"y":157},{"x":2014,"q":1,"y":173},{"x":2014,"q":2,"y":227},{"x":2014,"q":3,"y":238},{"x":2014,"q":4,"y":268},{"x":2015,"q":1,"y":291},{"x":2015,"q":2,"y":160},{"x":2015,"q":3,"y":1},{"x":2015,"q":4,"y":0}],"total":2226,"genre":"Simulation"},{"games":[{"x":2005,"q":1,"y":0},{"x":2005,"q":2,"y":0},{"x":2005,"q":3,"y":0},{"x":2005,"q":4,"y":0},{"x":2006,"q":1,"y":1},{"x":2006,"q":2,"y":0},{"x":2006,"q":3,"y":2},{"x":2006,"q":4,"y":3},{"x":2007,"q":1,"y":3},{"x":2007,"q":2,"y":4},{"x":2007,"q":3,"y":2},{"x":2007,"q":4,"y":1},{"x":2008,"q":1,"y":2},{"x":2008,"q":2,"y":7},{"x":2008,"q":3,"y":0},{"x":2008,"q":4,"y":8},{"x":2009,"q":1,"y":8},{"x":2009,"q":2,"y":10},{"x":2009,"q":3,"y":24},{"x":2009,"q":4,"y":8},{"x":2010,"q":1,"y":9},{"x":2010,"q":2,"y":9},{"x":2010,"q":3,"y":15},{"x":2010,"q":4,"y":37},{"x":2011,"q":1,"y":16},{"x":2011,"q":2,"y":17},{"x":2011,"q":3,"y":28},{"x":2011,"q":4,"y":18},{"x":2012,"q":1,"y":30},{"x":2012,"q":2,"y":30},{"x":2012,"q":3,"y":29},{"x":2012,"q":4,"y":139},{"x":2013,"q":1,"y":60},{"x":2013,"q":2,"y":48},{"x":2013,"q":3,"y":23},{"x":2013,"q":4,"y":118},{"x":2014,"q":1,"y":177},{"x":2014,"q":2,"y":249},{"x":2014,"q":3,"y":227},{"x":2014,"q":4,"y":227},{"x":2015,"q":1,"y":292},{"x":2015,"q":2,"y":120},{"x":2015,"q":3,"y":0},{"x":2015,"q":4,"y":0}],"total":2001,"genre":"Casual"},{"games":[{"x":2005,"q":1,"y":0},{"x":2005,"q":2,"y":1},{"x":2005,"q":3,"y":2},{"x":2005,"q":4,"y":0},{"x":2006,"q":1,"y":0},{"x":2006,"q":2,"y":0},{"x":2006,"q":3,"y":1},{"x":2006,"q":4,"y":4},{"x":2007,"q":1,"y":4},{"x":2007,"q":2,"y":3},{"x":2007,"q":3,"y":6},{"x":2007,"q":4,"y":2},{"x":2008,"q":1,"y":1},{"x":2008,"q":2,"y":3},{"x":2008,"q":3,"y":21},{"x":2008,"q":4,"y":17},{"x":2009,"q":1,"y":9},{"x":2009,"q":2,"y":20},{"x":2009,"q":3,"y":8},{"x":2009,"q":4,"y":20},{"x":2010,"q":1,"y":14},{"x":2010,"q":2,"y":5},{"x":2010,"q":3,"y":16},{"x":2010,"q":4,"y":19},{"x":2011,"q":1,"y":17},{"x":2011,"q":2,"y":21},{"x":2011,"q":3,"y":39},{"x":2011,"q":4,"y":38},{"x":2012,"q":1,"y":39},{"x":2012,"q":2,"y":45},{"x":2012,"q":3,"y":40},{"x":2012,"q":4,"y":54},{"x":2013,"q":1,"y":35},{"x":2013,"q":2,"y":36},{"x":2013,"q":3,"y":55},{"x":2013,"q":4,"y":114},{"x":2014,"q":1,"y":123},{"x":2014,"q":2,"y":193},{"x":2014,"q":3,"y":198},{"x":2014,"q":4,"y":237},{"x":2015,"q":1,"y":255},{"x":2015,"q":2,"y":115},{"x":2015,"q":3,"y":0},{"x":2015,"q":4,"y":1}],"total":1831,"genre":"RPG"},{"games":[{"x":2005,"q":1,"y":0},{"x":2005,"q":2,"y":0},{"x":2005,"q":3,"y":0},{"x":2005,"q":4,"y":0},{"x":2006,"q":1,"y":0},{"x":2006,"q":2,"y":0},{"x":2006,"q":3,"y":0},{"x":2006,"q":4,"y":0},{"x":2007,"q":1,"y":0},{"x":2007,"q":2,"y":0},{"x":2007,"q":3,"y":0},{"x":2007,"q":4,"y":1},{"x":2008,"q":1,"y":0},{"x":2008,"q":2,"y":0},{"x":2008,"q":3,"y":0},{"x":2008,"q":4,"y":2},{"x":2009,"q":1,"y":1},{"x":2009,"q":2,"y":0},{"x":2009,"q":3,"y":0},{"x":2009,"q":4,"y":1},{"x":2010,"q":1,"y":1},{"x":2010,"q":2,"y":0},{"x":2010,"q":3,"y":0},{"x":2010,"q":4,"y":0},{"x":2011,"q":1,"y":1},{"x":2011,"q":2,"y":8},{"x":2011,"q":3,"y":9},{"x":2011,"q":4,"y":11},{"x":2012,"q":1,"y":8},{"x":2012,"q":2,"y":18},{"x":2012,"q":3,"y":16},{"x":2012,"q":4,"y":22},{"x":2013,"q":1,"y":17},{"x":2013,"q":2,"y":12},{"x":2013,"q":3,"y":26},{"x":2013,"q":4,"y":55},{"x":2014,"q":1,"y":34},{"x":2014,"q":2,"y":83},{"x":2014,"q":3,"y":88},{"x":2014,"q":4,"y":122},{"x":2015,"q":1,"y":116},{"x":2015,"q":2,"y":67},{"x":2015,"q":3,"y":0},{"x":2015,"q":4,"y":0}],"total":719,"genre":"Free to Play"},{"games":[{"x":2005,"q":1,"y":0},{"x":2005,"q":2,"y":0},{"x":2005,"q":3,"y":0},{"x":2005,"q":4,"y":0},{"x":2006,"q":1,"y":0},{"x":2006,"q":2,"y":0},{"x":2006,"q":3,"y":0},{"x":2006,"q":4,"y":0},{"x":2007,"q":1,"y":0},{"x":2007,"q":2,"y":0},{"x":2007,"q":3,"y":0},{"x":2007,"q":4,"y":0},{"x":2008,"q":1,"y":0},{"x":2008,"q":2,"y":0},{"x":2008,"q":3,"y":0},{"x":2008,"q":4,"y":0},{"x":2009,"q":1,"y":0},{"x":2009,"q":2,"y":0},{"x":2009,"q":3,"y":0},{"x":2009,"q":4,"y":0},{"x":2010,"q":1,"y":0},{"x":2010,"q":2,"y":0},{"x":2010,"q":3,"y":0},{"x":2010,"q":4,"y":0},{"x":2011,"q":1,"y":0},{"x":2011,"q":2,"y":0},{"x":2011,"q":3,"y":0},{"x":2011,"q":4,"y":0},{"x":2012,"q":1,"y":0},{"x":2012,"q":2,"y":0},{"x":2012,"q":3,"y":0},{"x":2012,"q":4,"y":1},{"x":2013,"q":1,"y":0},{"x":2013,"q":2,"y":2},{"x":2013,"q":3,"y":13},{"x":2013,"q":4,"y":23},{"x":2014,"q":1,"y":27},{"x":2014,"q":2,"y":47},{"x":2014,"q":3,"y":56},{"x":2014,"q":4,"y":76},{"x":2015,"q":1,"y":107},{"x":2015,"q":2,"y":55},{"x":2015,"q":3,"y":0},{"x":2015,"q":4,"y":0}],"total":407,"genre":"Early Access"},{"games":[{"x":2005,"q":1,"y":0},{"x":2005,"q":2,"y":0},{"x":2005,"q":3,"y":0},{"x":2005,"q":4,"y":0},{"x":2006,"q":1,"y":0},{"x":2006,"q":2,"y":0},{"x":2006,"q":3,"y":0},{"x":2006,"q":4,"y":0},{"x":2007,"q":1,"y":0},{"x":2007,"q":2,"y":0},{"x":2007,"q":3,"y":0},{"x":2007,"q":4,"y":0},{"x":2008,"q":1,"y":1},{"x":2008,"q":2,"y":0},{"x":2008,"q":3,"y":2},{"x":2008,"q":4,"y":0},{"x":2009,"q":1,"y":2},{"x":2009,"q":2,"y":5},{"x":2009,"q":3,"y":5},{"x":2009,"q":4,"y":1},{"x":2010,"q":1,"y":0},{"x":2010,"q":2,"y":2},{"x":2010,"q":3,"y":1},{"x":2010,"q":4,"y":2},{"x":2011,"q":1,"y":1},{"x":2011,"q":2,"y":7},{"x":2011,"q":3,"y":7},{"x":2011,"q":4,"y":8},{"x":2012,"q":1,"y":7},{"x":2012,"q":2,"y":8},{"x":2012,"q":3,"y":8},{"x":2012,"q":4,"y":10},{"x":2013,"q":1,"y":11},{"x":2013,"q":2,"y":10},{"x":2013,"q":3,"y":15},{"x":2013,"q":4,"y":25},{"x":2014,"q":1,"y":22},{"x":2014,"q":2,"y":36},{"x":2014,"q":3,"y":69},{"x":2014,"q":4,"y":71},{"x":2015,"q":1,"y":43},{"x":2015,"q":2,"y":24},{"x":2015,"q":3,"y":0},{"x":2015,"q":4,"y":0}],"total":403,"genre":"Massively Multiplayer"},{"games":[{"x":2005,"q":1,"y":0},{"x":2005,"q":2,"y":0},{"x":2005,"q":3,"y":0},{"x":2005,"q":4,"y":0},{"x":2006,"q":1,"y":0},{"x":2006,"q":2,"y":0},{"x":2006,"q":3,"y":2},{"x":2006,"q":4,"y":3},{"x":2007,"q":1,"y":1},{"x":2007,"q":2,"y":1},{"x":2007,"q":3,"y":0},{"x":2007,"q":4,"y":2},{"x":2008,"q":1,"y":2},{"x":2008,"q":2,"y":8},{"x":2008,"q":3,"y":2},{"x":2008,"q":4,"y":3},{"x":2009,"q":1,"y":2},{"x":2009,"q":2,"y":3},{"x":2009,"q":3,"y":1},{"x":2009,"q":4,"y":3},{"x":2010,"q":1,"y":4},{"x":2010,"q":2,"y":1},{"x":2010,"q":3,"y":1},{"x":2010,"q":4,"y":4},{"x":2011,"q":1,"y":3},{"x":2011,"q":2,"y":4},{"x":2011,"q":3,"y":10},{"x":2011,"q":4,"y":14},{"x":2012,"q":1,"y":5},{"x":2012,"q":2,"y":15},{"x":2012,"q":3,"y":9},{"x":2012,"q":4,"y":21},{"x":2013,"q":1,"y":12},{"x":2013,"q":2,"y":13},{"x":2013,"q":3,"y":8},{"x":2013,"q":4,"y":19},{"x":2014,"q":1,"y":21},{"x":2014,"q":2,"y":29},{"x":2014,"q":3,"y":25},{"x":2014,"q":4,"y":44},{"x":2015,"q":1,"y":42},{"x":2015,"q":2,"y":22},{"x":2015,"q":3,"y":0},{"x":2015,"q":4,"y":0}],"total":359,"genre":"Racing"},{"games":[{"x":2005,"q":1,"y":0},{"x":2005,"q":2,"y":0},{"x":2005,"q":3,"y":0},{"x":2005,"q":4,"y":0},{"x":2006,"q":1,"y":0},{"x":2006,"q":2,"y":0},{"x":2006,"q":3,"y":0},{"x":2006,"q":4,"y":0},{"x":2007,"q":1,"y":0},{"x":2007,"q":2,"y":0},{"x":2007,"q":3,"y":0},{"x":2007,"q":4,"y":0},{"x":2008,"q":1,"y":0},{"x":2008,"q":2,"y":3},{"x":2008,"q":3,"y":0},{"x":2008,"q":4,"y":3},{"x":2009,"q":1,"y":1},{"x":2009,"q":2,"y":0},{"x":2009,"q":3,"y":2},{"x":2009,"q":4,"y":3},{"x":2010,"q":1,"y":1},{"x":2010,"q":2,"y":0},{"x":2010,"q":3,"y":1},{"x":2010,"q":4,"y":2},{"x":2011,"q":1,"y":3},{"x":2011,"q":2,"y":0},{"x":2011,"q":3,"y":3},{"x":2011,"q":4,"y":7},{"x":2012,"q":1,"y":0},{"x":2012,"q":2,"y":5},{"x":2012,"q":3,"y":8},{"x":2012,"q":4,"y":8},{"x":2013,"q":1,"y":6},{"x":2013,"q":2,"y":10},{"x":2013,"q":3,"y":9},{"x":2013,"q":4,"y":20},{"x":2014,"q":1,"y":15},{"x":2014,"q":2,"y":23},{"x":2014,"q":3,"y":35},{"x":2014,"q":4,"y":45},{"x":2015,"q":1,"y":36},{"x":2015,"q":2,"y":26},{"x":2015,"q":3,"y":0},{"x":2015,"q":4,"y":0}],"total":275,"genre":"Sports"},{"games":[{"x":2005,"q":1,"y":0},{"x":2005,"q":2,"y":0},{"x":2005,"q":3,"y":0},{"x":2005,"q":4,"y":0},{"x":2006,"q":1,"y":0},{"x":2006,"q":2,"y":0},{"x":2006,"q":3,"y":0},{"x":2006,"q":4,"y":0},{"x":2007,"q":1,"y":0},{"x":2007,"q":2,"y":0},{"x":2007,"q":3,"y":0},{"x":2007,"q":4,"y":0},{"x":2008,"q":1,"y":0},{"x":2008,"q":2,"y":0},{"x":2008,"q":3,"y":0},{"x":2008,"q":4,"y":0},{"x":2009,"q":1,"y":0},{"x":2009,"q":2,"y":0},{"x":2009,"q":3,"y":0},{"x":2009,"q":4,"y":0},{"x":2010,"q":1,"y":0},{"x":2010,"q":2,"y":0},{"x":2010,"q":3,"y":0},{"x":2010,"q":4,"y":0},{"x":2011,"q":1,"y":0},{"x":2011,"q":2,"y":0},{"x":2011,"q":3,"y":0},{"x":2011,"q":4,"y":0},{"x":2012,"q":1,"y":0},{"x":2012,"q":2,"y":0},{"x":2012,"q":3,"y":0},{"x":2012,"q":4,"y":6},{"x":2013,"q":1,"y":3},{"x":2013,"q":2,"y":0},{"x":2013,"q":3,"y":0},{"x":2013,"q":4,"y":6},{"x":2014,"q":1,"y":3},{"x":2014,"q":2,"y":5},{"x":2014,"q":3,"y":3},{"x":2014,"q":4,"y":5},{"x":2015,"q":1,"y":7},{"x":2015,"q":2,"y":0},{"x":2015,"q":3,"y":0},{"x":2015,"q":4,"y":0}],"total":38,"genre":"Education"},{"games":[{"x":2005,"q":1,"y":0},{"x":2005,"q":2,"y":0},{"x":2005,"q":3,"y":0},{"x":2005,"q":4,"y":1},{"x":2006,"q":1,"y":1},{"x":2006,"q":2,"y":8},{"x":2006,"q":3,"y":4},{"x":2006,"q":4,"y":8},{"x":2007,"q":1,"y":23},{"x":2007,"q":2,"y":11},{"x":2007,"q":3,"y":33},{"x":2007,"q":4,"y":15},{"x":2008,"q":1,"y":17},{"x":2008,"q":2,"y":6},{"x":2008,"q":3,"y":16},{"x":2008,"q":4,"y":32},{"x":2009,"q":1,"y":24},{"x":2009,"q":2,"y":41},{"x":2009,"q":3,"y":41},{"x":2009,"q":4,"y":38},{"x":2010,"q":1,"y":33},{"x":2010,"q":2,"y":48},{"x":2010,"q":3,"y":80},{"x":2010,"q":4,"y":57},{"x":2011,"q":1,"y":41},{"x":2011,"q":2,"y":57},{"x":2011,"q":3,"y":94},{"x":2011,"q":4,"y":117},{"x":2012,"q":1,"y":96},{"x":2012,"q":2,"y":100},{"x":2012,"q":3,"y":242},{"x":2012,"q":4,"y":206},{"x":2013,"q":1,"y":146},{"x":2013,"q":2,"y":133},{"x":2013,"q":3,"y":167},{"x":2013,"q":4,"y":224},{"x":2014,"q":1,"y":240},{"x":2014,"q":2,"y":358},{"x":2014,"q":3,"y":364},{"x":2014,"q":4,"y":408},{"x":2015,"q":1,"y":497},{"x":2015,"q":2,"y":220},{"x":2015,"q":3,"y":3},{"x":2015,"q":4,"y":0}],"total":4250,"genre":"Action"},{"games":[{"x":2005,"q":1,"y":0},{"x":2005,"q":2,"y":1},{"x":2005,"q":3,"y":1},{"x":2005,"q":4,"y":1},{"x":2006,"q":1,"y":1},{"x":2006,"q":2,"y":0},{"x":2006,"q":3,"y":4},{"x":2006,"q":4,"y":8},{"x":2007,"q":1,"y":2},{"x":2007,"q":2,"y":4},{"x":2007,"q":3,"y":1},{"x":2007,"q":4,"y":0},{"x":2008,"q":1,"y":2},{"x":2008,"q":2,"y":4},{"x":2008,"q":3,"y":3},{"x":2008,"q":4,"y":13},{"x":2009,"q":1,"y":23},{"x":2009,"q":2,"y":15},{"x":2009,"q":3,"y":11},{"x":2009,"q":4,"y":20},{"x":2010,"q":1,"y":13},{"x":2010,"q":2,"y":13},{"x":2010,"q":3,"y":22},{"x":2010,"q":4,"y":46},{"x":2011,"q":1,"y":22},{"x":2011,"q":2,"y":35},{"x":2011,"q":3,"y":87},{"x":2011,"q":4,"y":73},{"x":2012,"q":1,"y":83},{"x":2012,"q":2,"y":96},{"x":2012,"q":3,"y":98},{"x":2012,"q":4,"y":126},{"x":2013,"q":1,"y":64},{"x":2013,"q":2,"y":90},{"x":2013,"q":3,"y":95},{"x":2013,"q":4,"y":194},{"x":2014,"q":1,"y":248},{"x":2014,"q":2,"y":422},{"x":2014,"q":3,"y":454},{"x":2014,"q":4,"y":506},{"x":2015,"q":1,"y":615},{"x":2015,"q":2,"y":298},{"x":2015,"q":3,"y":2},{"x":2015,"q":4,"y":0}],"total":3816,"genre":"Indie"},{"games":[{"x":2005,"q":1,"y":0},{"x":2005,"q":2,"y":1},{"x":2005,"q":3,"y":1},{"x":2005,"q":4,"y":0},{"x":2006,"q":1,"y":3},{"x":2006,"q":2,"y":1},{"x":2006,"q":3,"y":8},{"x":2006,"q":4,"y":10},{"x":2007,"q":1,"y":2},{"x":2007,"q":2,"y":7},{"x":2007,"q":3,"y":16},{"x":2007,"q":4,"y":2},{"x":2008,"q":1,"y":3},{"x":2008,"q":2,"y":3},{"x":2008,"q":3,"y":11},{"x":2008,"q":4,"y":21},{"x":2009,"q":1,"y":21},{"x":2009,"q":2,"y":21},{"x":2009,"q":3,"y":23},{"x":2009,"q":4,"y":26},{"x":2010,"q":1,"y":18},{"x":2010,"q":2,"y":21},{"x":2010,"q":3,"y":31},{"x":2010,"q":4,"y":33},{"x":2011,"q":1,"y":38},{"x":2011,"q":2,"y":49},{"x":2011,"q":3,"y":59},{"x":2011,"q":4,"y":53},{"x":2012,"q":1,"y":50},{"x":2012,"q":2,"y":82},{"x":2012,"q":3,"y":99},{"x":2012,"q":4,"y":123},{"x":2013,"q":1,"y":53},{"x":2013,"q":2,"y":118},{"x":2013,"q":3,"y":106},{"x":2013,"q":4,"y":126},{"x":2014,"q":1,"y":128},{"x":2014,"q":2,"y":200},{"x":2014,"q":3,"y":217},{"x":2014,"q":4,"y":242},{"x":2015,"q":1,"y":288},{"x":2015,"q":2,"y":132},{"x":2015,"q":3,"y":2},{"x":2015,"q":4,"y":1}],"total":2449,"genre":"Strategy"},{"games":[{"x":2005,"q":1,"y":0},{"x":2005,"q":2,"y":0},{"x":2005,"q":3,"y":0},{"x":2005,"q":4,"y":0},{"x":2006,"q":1,"y":0},{"x":2006,"q":2,"y":0},{"x":2006,"q":3,"y":0},{"x":2006,"q":4,"y":1},{"x":2007,"q":1,"y":4},{"x":2007,"q":2,"y":9},{"x":2007,"q":3,"y":1},{"x":2007,"q":4,"y":0},{"x":2008,"q":1,"y":2},{"x":2008,"q":2,"y":7},{"x":2008,"q":3,"y":4},{"x":2008,"q":4,"y":13},{"x":2009,"q":1,"y":10},{"x":2009,"q":2,"y":7},{"x":2009,"q":3,"y":32},{"x":2009,"q":4,"y":15},{"x":2010,"q":1,"y":11},{"x":2010,"q":2,"y":23},{"x":2010,"q":3,"y":20},{"x":2010,"q":4,"y":25},{"x":2011,"q":1,"y":16},{"x":2011,"q":2,"y":24},{"x":2011,"q":3,"y":25},{"x":2011,"q":4,"y":26},{"x":2012,"q":1,"y":35},{"x":2012,"q":2,"y":39},{"x":2012,"q":3,"y":51},{"x":2012,"q":4,"y":82},{"x":2013,"q":1,"y":56},{"x":2013,"q":2,"y":56},{"x":2013,"q":3,"y":63},{"x":2013,"q":4,"y":129},{"x":2014,"q":1,"y":132},{"x":2014,"q":2,"y":257},{"x":2014,"q":3,"y":233},{"x":2014,"q":4,"y":295},{"x":2015,"q":1,"y":384},{"x":2015,"q":2,"y":141},{"x":2015,"q":3,"y":2},{"x":2015,"q":4,"y":1}],"total":2231,"genre":"Adventure"},{"games":[{"x":2005,"q":1,"y":0},{"x":2005,"q":2,"y":0},{"x":2005,"q":3,"y":0},{"x":2005,"q":4,"y":0},{"x":2006,"q":1,"y":0},{"x":2006,"q":2,"y":0},{"x":2006,"q":3,"y":0},{"x":2006,"q":4,"y":1},{"x":2007,"q":1,"y":0},{"x":2007,"q":2,"y":0},{"x":2007,"q":3,"y":0},{"x":2007,"q":4,"y":0},{"x":2008,"q":1,"y":2},{"x":2008,"q":2,"y":2},{"x":2008,"q":3,"y":3},{"x":2008,"q":4,"y":9},{"x":2009,"q":1,"y":17},{"x":2009,"q":2,"y":12},{"x":2009,"q":3,"y":14},{"x":2009,"q":4,"y":13},{"x":2010,"q":1,"y":4},{"x":2010,"q":2,"y":14},{"x":2010,"q":3,"y":21},{"x":2010,"q":4,"y":19},{"x":2011,"q":1,"y":20},{"x":2011,"q":2,"y":14},{"x":2011,"q":3,"y":24},{"x":2011,"q":4,"y":24},{"x":2012,"q":1,"y":33},{"x":2012,"q":2,"y":39},{"x":2012,"q":3,"y":53},{"x":2012,"q":4,"y":164},{"x":2013,"q":1,"y":79},{"x":2013,"q":2,"y":66},{"x":2013,"q":3,"y":64},{"x":2013,"q":4,"y":157},{"x":2014,"q":1,"y":173},{"x":2014,"q":2,"y":227},{"x":2014,"q":3,"y":238},{"x":2014,"q":4,"y":268},{"x":2015,"q":1,"y":291},{"x":2015,"q":2,"y":160},{"x":2015,"q":3,"y":1},{"x":2015,"q":4,"y":0}],"total":2226,"genre":"Simulation"},{"games":[{"x":2005,"q":1,"y":0},{"x":2005,"q":2,"y":0},{"x":2005,"q":3,"y":0},{"x":2005,"q":4,"y":0},{"x":2006,"q":1,"y":1},{"x":2006,"q":2,"y":0},{"x":2006,"q":3,"y":2},{"x":2006,"q":4,"y":3},{"x":2007,"q":1,"y":3},{"x":2007,"q":2,"y":4},{"x":2007,"q":3,"y":2},{"x":2007,"q":4,"y":1},{"x":2008,"q":1,"y":2},{"x":2008,"q":2,"y":7},{"x":2008,"q":3,"y":0},{"x":2008,"q":4,"y":8},{"x":2009,"q":1,"y":8},{"x":2009,"q":2,"y":10},{"x":2009,"q":3,"y":24},{"x":2009,"q":4,"y":8},{"x":2010,"q":1,"y":9},{"x":2010,"q":2,"y":9},{"x":2010,"q":3,"y":15},{"x":2010,"q":4,"y":37},{"x":2011,"q":1,"y":16},{"x":2011,"q":2,"y":17},{"x":2011,"q":3,"y":28},{"x":2011,"q":4,"y":18},{"x":2012,"q":1,"y":30},{"x":2012,"q":2,"y":30},{"x":2012,"q":3,"y":29},{"x":2012,"q":4,"y":139},{"x":2013,"q":1,"y":60},{"x":2013,"q":2,"y":48},{"x":2013,"q":3,"y":23},{"x":2013,"q":4,"y":118},{"x":2014,"q":1,"y":177},{"x":2014,"q":2,"y":249},{"x":2014,"q":3,"y":227},{"x":2014,"q":4,"y":227},{"x":2015,"q":1,"y":292},{"x":2015,"q":2,"y":120},{"x":2015,"q":3,"y":0},{"x":2015,"q":4,"y":0}],"total":2001,"genre":"Casual"},{"games":[{"x":2005,"q":1,"y":0},{"x":2005,"q":2,"y":1},{"x":2005,"q":3,"y":2},{"x":2005,"q":4,"y":0},{"x":2006,"q":1,"y":0},{"x":2006,"q":2,"y":0},{"x":2006,"q":3,"y":1},{"x":2006,"q":4,"y":4},{"x":2007,"q":1,"y":4},{"x":2007,"q":2,"y":3},{"x":2007,"q":3,"y":6},{"x":2007,"q":4,"y":2},{"x":2008,"q":1,"y":1},{"x":2008,"q":2,"y":3},{"x":2008,"q":3,"y":21},{"x":2008,"q":4,"y":17},{"x":2009,"q":1,"y":9},{"x":2009,"q":2,"y":20},{"x":2009,"q":3,"y":8},{"x":2009,"q":4,"y":20},{"x":2010,"q":1,"y":14},{"x":2010,"q":2,"y":5},{"x":2010,"q":3,"y":16},{"x":2010,"q":4,"y":19},{"x":2011,"q":1,"y":17},{"x":2011,"q":2,"y":21},{"x":2011,"q":3,"y":39},{"x":2011,"q":4,"y":38},{"x":2012,"q":1,"y":39},{"x":2012,"q":2,"y":45},{"x":2012,"q":3,"y":40},{"x":2012,"q":4,"y":54},{"x":2013,"q":1,"y":35},{"x":2013,"q":2,"y":36},{"x":2013,"q":3,"y":55},{"x":2013,"q":4,"y":114},{"x":2014,"q":1,"y":123},{"x":2014,"q":2,"y":193},{"x":2014,"q":3,"y":198},{"x":2014,"q":4,"y":237},{"x":2015,"q":1,"y":255},{"x":2015,"q":2,"y":115},{"x":2015,"q":3,"y":0},{"x":2015,"q":4,"y":1}],"total":1831,"genre":"RPG"},{"games":[{"x":2005,"q":1,"y":0},{"x":2005,"q":2,"y":0},{"x":2005,"q":3,"y":0},{"x":2005,"q":4,"y":0},{"x":2006,"q":1,"y":0},{"x":2006,"q":2,"y":0},{"x":2006,"q":3,"y":0},{"x":2006,"q":4,"y":0},{"x":2007,"q":1,"y":0},{"x":2007,"q":2,"y":0},{"x":2007,"q":3,"y":0},{"x":2007,"q":4,"y":1},{"x":2008,"q":1,"y":0},{"x":2008,"q":2,"y":0},{"x":2008,"q":3,"y":0},{"x":2008,"q":4,"y":2},{"x":2009,"q":1,"y":1},{"x":2009,"q":2,"y":0},{"x":2009,"q":3,"y":0},{"x":2009,"q":4,"y":1},{"x":2010,"q":1,"y":1},{"x":2010,"q":2,"y":0},{"x":2010,"q":3,"y":0},{"x":2010,"q":4,"y":0},{"x":2011,"q":1,"y":1},{"x":2011,"q":2,"y":8},{"x":2011,"q":3,"y":9},{"x":2011,"q":4,"y":11},{"x":2012,"q":1,"y":8},{"x":2012,"q":2,"y":18},{"x":2012,"q":3,"y":16},{"x":2012,"q":4,"y":22},{"x":2013,"q":1,"y":17},{"x":2013,"q":2,"y":12},{"x":2013,"q":3,"y":26},{"x":2013,"q":4,"y":55},{"x":2014,"q":1,"y":34},{"x":2014,"q":2,"y":83},{"x":2014,"q":3,"y":88},{"x":2014,"q":4,"y":122},{"x":2015,"q":1,"y":116},{"x":2015,"q":2,"y":67},{"x":2015,"q":3,"y":0},{"x":2015,"q":4,"y":0}],"total":719,"genre":"Free to Play"},{"games":[{"x":2005,"q":1,"y":0},{"x":2005,"q":2,"y":0},{"x":2005,"q":3,"y":0},{"x":2005,"q":4,"y":0},{"x":2006,"q":1,"y":0},{"x":2006,"q":2,"y":0},{"x":2006,"q":3,"y":0},{"x":2006,"q":4,"y":0},{"x":2007,"q":1,"y":0},{"x":2007,"q":2,"y":0},{"x":2007,"q":3,"y":0},{"x":2007,"q":4,"y":0},{"x":2008,"q":1,"y":0},{"x":2008,"q":2,"y":0},{"x":2008,"q":3,"y":0},{"x":2008,"q":4,"y":0},{"x":2009,"q":1,"y":0},{"x":2009,"q":2,"y":0},{"x":2009,"q":3,"y":0},{"x":2009,"q":4,"y":0},{"x":2010,"q":1,"y":0},{"x":2010,"q":2,"y":0},{"x":2010,"q":3,"y":0},{"x":2010,"q":4,"y":0},{"x":2011,"q":1,"y":0},{"x":2011,"q":2,"y":0},{"x":2011,"q":3,"y":0},{"x":2011,"q":4,"y":0},{"x":2012,"q":1,"y":0},{"x":2012,"q":2,"y":0},{"x":2012,"q":3,"y":0},{"x":2012,"q":4,"y":1},{"x":2013,"q":1,"y":0},{"x":2013,"q":2,"y":2},{"x":2013,"q":3,"y":13},{"x":2013,"q":4,"y":23},{"x":2014,"q":1,"y":27},{"x":2014,"q":2,"y":47},{"x":2014,"q":3,"y":56},{"x":2014,"q":4,"y":76},{"x":2015,"q":1,"y":107},{"x":2015,"q":2,"y":55},{"x":2015,"q":3,"y":0},{"x":2015,"q":4,"y":0}],"total":407,"genre":"Early Access"},{"games":[{"x":2005,"q":1,"y":0},{"x":2005,"q":2,"y":0},{"x":2005,"q":3,"y":0},{"x":2005,"q":4,"y":0},{"x":2006,"q":1,"y":0},{"x":2006,"q":2,"y":0},{"x":2006,"q":3,"y":0},{"x":2006,"q":4,"y":0},{"x":2007,"q":1,"y":0},{"x":2007,"q":2,"y":0},{"x":2007,"q":3,"y":0},{"x":2007,"q":4,"y":0},{"x":2008,"q":1,"y":1},{"x":2008,"q":2,"y":0},{"x":2008,"q":3,"y":2},{"x":2008,"q":4,"y":0},{"x":2009,"q":1,"y":2},{"x":2009,"q":2,"y":5},{"x":2009,"q":3,"y":5},{"x":2009,"q":4,"y":1},{"x":2010,"q":1,"y":0},{"x":2010,"q":2,"y":2},{"x":2010,"q":3,"y":1},{"x":2010,"q":4,"y":2},{"x":2011,"q":1,"y":1},{"x":2011,"q":2,"y":7},{"x":2011,"q":3,"y":7},{"x":2011,"q":4,"y":8},{"x":2012,"q":1,"y":7},{"x":2012,"q":2,"y":8},{"x":2012,"q":3,"y":8},{"x":2012,"q":4,"y":10},{"x":2013,"q":1,"y":11},{"x":2013,"q":2,"y":10},{"x":2013,"q":3,"y":15},{"x":2013,"q":4,"y":25},{"x":2014,"q":1,"y":22},{"x":2014,"q":2,"y":36},{"x":2014,"q":3,"y":69},{"x":2014,"q":4,"y":71},{"x":2015,"q":1,"y":43},{"x":2015,"q":2,"y":24},{"x":2015,"q":3,"y":0},{"x":2015,"q":4,"y":0}],"total":403,"genre":"Massively Multiplayer"},{"games":[{"x":2005,"q":1,"y":0},{"x":2005,"q":2,"y":0},{"x":2005,"q":3,"y":0},{"x":2005,"q":4,"y":0},{"x":2006,"q":1,"y":0},{"x":2006,"q":2,"y":0},{"x":2006,"q":3,"y":2},{"x":2006,"q":4,"y":3},{"x":2007,"q":1,"y":1},{"x":2007,"q":2,"y":1},{"x":2007,"q":3,"y":0},{"x":2007,"q":4,"y":2},{"x":2008,"q":1,"y":2},{"x":2008,"q":2,"y":8},{"x":2008,"q":3,"y":2},{"x":2008,"q":4,"y":3},{"x":2009,"q":1,"y":2},{"x":2009,"q":2,"y":3},{"x":2009,"q":3,"y":1},{"x":2009,"q":4,"y":3},{"x":2010,"q":1,"y":4},{"x":2010,"q":2,"y":1},{"x":2010,"q":3,"y":1},{"x":2010,"q":4,"y":4},{"x":2011,"q":1,"y":3},{"x":2011,"q":2,"y":4},{"x":2011,"q":3,"y":10},{"x":2011,"q":4,"y":14},{"x":2012,"q":1,"y":5},{"x":2012,"q":2,"y":15},{"x":2012,"q":3,"y":9},{"x":2012,"q":4,"y":21},{"x":2013,"q":1,"y":12},{"x":2013,"q":2,"y":13},{"x":2013,"q":3,"y":8},{"x":2013,"q":4,"y":19},{"x":2014,"q":1,"y":21},{"x":2014,"q":2,"y":29},{"x":2014,"q":3,"y":25},{"x":2014,"q":4,"y":44},{"x":2015,"q":1,"y":42},{"x":2015,"q":2,"y":22},{"x":2015,"q":3,"y":0},{"x":2015,"q":4,"y":0}],"total":359,"genre":"Racing"},{"games":[{"x":2005,"q":1,"y":0},{"x":2005,"q":2,"y":0},{"x":2005,"q":3,"y":0},{"x":2005,"q":4,"y":0},{"x":2006,"q":1,"y":0},{"x":2006,"q":2,"y":0},{"x":2006,"q":3,"y":0},{"x":2006,"q":4,"y":0},{"x":2007,"q":1,"y":0},{"x":2007,"q":2,"y":0},{"x":2007,"q":3,"y":0},{"x":2007,"q":4,"y":0},{"x":2008,"q":1,"y":0},{"x":2008,"q":2,"y":3},{"x":2008,"q":3,"y":0},{"x":2008,"q":4,"y":3},{"x":2009,"q":1,"y":1},{"x":2009,"q":2,"y":0},{"x":2009,"q":3,"y":2},{"x":2009,"q":4,"y":3},{"x":2010,"q":1,"y":1},{"x":2010,"q":2,"y":0},{"x":2010,"q":3,"y":1},{"x":2010,"q":4,"y":2},{"x":2011,"q":1,"y":3},{"x":2011,"q":2,"y":0},{"x":2011,"q":3,"y":3},{"x":2011,"q":4,"y":7},{"x":2012,"q":1,"y":0},{"x":2012,"q":2,"y":5},{"x":2012,"q":3,"y":8},{"x":2012,"q":4,"y":8},{"x":2013,"q":1,"y":6},{"x":2013,"q":2,"y":10},{"x":2013,"q":3,"y":9},{"x":2013,"q":4,"y":20},{"x":2014,"q":1,"y":15},{"x":2014,"q":2,"y":23},{"x":2014,"q":3,"y":35},{"x":2014,"q":4,"y":45},{"x":2015,"q":1,"y":36},{"x":2015,"q":2,"y":26},{"x":2015,"q":3,"y":0},{"x":2015,"q":4,"y":0}],"total":275,"genre":"Sports"},{"games":[{"x":2005,"q":1,"y":0},{"x":2005,"q":2,"y":0},{"x":2005,"q":3,"y":0},{"x":2005,"q":4,"y":0},{"x":2006,"q":1,"y":0},{"x":2006,"q":2,"y":0},{"x":2006,"q":3,"y":0},{"x":2006,"q":4,"y":0},{"x":2007,"q":1,"y":0},{"x":2007,"q":2,"y":0},{"x":2007,"q":3,"y":0},{"x":2007,"q":4,"y":0},{"x":2008,"q":1,"y":0},{"x":2008,"q":2,"y":0},{"x":2008,"q":3,"y":0},{"x":2008,"q":4,"y":0},{"x":2009,"q":1,"y":0},{"x":2009,"q":2,"y":0},{"x":2009,"q":3,"y":0},{"x":2009,"q":4,"y":0},{"x":2010,"q":1,"y":0},{"x":2010,"q":2,"y":0},{"x":2010,"q":3,"y":0},{"x":2010,"q":4,"y":0},{"x":2011,"q":1,"y":0},{"x":2011,"q":2,"y":0},{"x":2011,"q":3,"y":0},{"x":2011,"q":4,"y":0},{"x":2012,"q":1,"y":0},{"x":2012,"q":2,"y":0},{"x":2012,"q":3,"y":0},{"x":2012,"q":4,"y":6},{"x":2013,"q":1,"y":3},{"x":2013,"q":2,"y":0},{"x":2013,"q":3,"y":0},{"x":2013,"q":4,"y":6},{"x":2014,"q":1,"y":3},{"x":2014,"q":2,"y":5},{"x":2014,"q":3,"y":3},{"x":2014,"q":4,"y":5},{"x":2015,"q":1,"y":7},{"x":2015,"q":2,"y":0},{"x":2015,"q":3,"y":0},{"x":2015,"q":4,"y":0}],"total":38,"genre":"Education"}]